last_name, first_name,player_id,year,p_formatted_ip,p_era,p_opp_batting_avg,
Perez, Oliver,424144,2022,4.0,15.75,.444,
Wainwright, Adam,425794,2022,173.0,3.33,.252,
Greinke, Zack,425844,2022,114.2,4.00,.286,
Molina, Yadier,425877,2022,2.0,18.00,.500,
Verlander, Justin,434378,2022,152.0,1.84,.190,
Sanchez, Anibal,434671,2022,53.1,4.56,.227,
Escobar, Alcides,444876,2022,1.2,10.80,.375,
Jansen, Kenley,445276,2022,53.0,3.91,.204,
Chavez, Jesse,445926,2022,60.0,3.45,.262,
Detwiler, Ross,446321,2022,26.1,4.44,.287,
Kluber, Corey,446372,2022,142.1,4.36,.266,
Hill, Rich,448179,2022,102.2,4.56,.258,
Doolittle, Sean,448281,2022,5.1,0.00,.059,
Morton, Charlie,450203,2022,152.1,4.08,.226,
Kennedy, Ian,453178,2022,45.0,4.20,.247,
Bard, Daniel,453268,2022,52.1,2.06,.165,
Scherzer, Max,453286,2022,127.2,2.26,.207,
Melancon, Mark,453343,2022,47.0,4.98,.293,
Martin, Chris,455119,2022,48.0,3.56,.249,
Price, David,456034,2022,38.1,2.58,.247,
Cueto, Johnny,456501,2022,139.2,3.09,.259,
Bush, Matt,456713,2022,53.0,3.23,.196,
Wilson, Justin,458677,2022,3.2,2.45,.231,
Lynn, Lance,458681,2022,97.1,4.07,.235,
McGee, Jake,459429,2022,37.0,6.81,.275,
Clippard, Tyler,461325,2022,5.0,7.20,.286,
Chacin, Jhoulys,468504,2022,47.1,7.61,.282,
Carrasco, Carlos,471911,2022,135.0,3.80,.270,
Garcia, Luis,472610,2022,52.1,3.61,.251,
Phelps, David,475479,2022,55.2,2.75,.223,
Luetge, Lucas,476595,2022,51.1,2.63,.255,
Kershaw, Clayton,477132,2022,96.1,2.62,.211,
Hunter, Tommy,488984,2022,21.0,2.57,.253,
Miley, Wade,489119,2022,28.0,2.89,.204,
Romo, Sergio,489265,2022,18.0,7.50,.268,
Stammen, Craig,489334,2022,33.2,3.48,.267,
Yates, Kirby,489446,2022,7.0,5.14,.222,
Ottavino, Adam,493603,2022,56.2,2.06,.203,
Quintana, Jose,500779,2022,143.0,3.34,.258,
Pineda, Michael,501381,2022,46.2,5.79,.304,
Alvarez, Jose,501625,2022,15.1,5.28,.270,
Smith, Joe,501925,2022,27.1,4.61,.297,
Minor, Mike,501985,2022,95.0,5.78,.294,
Archer, Chris,502042,2022,102.2,4.56,.228,
Gibson, Kyle,502043,2022,145.2,4.57,.255,
Robertson, David,502085,2022,56.2,2.38,.177,
Cobb, Alex,502171,2022,129.1,3.48,.255,
Espino, Paolo,502179,2022,102.0,4.24,.277,
Boxberger, Brad,502202,2022,52.1,2.92,.225,
Anderson, Chase,502624,2022,9.0,9.00,.200,
O'Day, Darren,503285,2022,21.2,4.15,.238,
Peralta, Wily,503449,2022,38.1,2.58,.241,
Darvish, Yu,506433,2022,168.2,3.31,.212,
Colome, Alex,517008,2022,45.0,5.20,.294,
Alexander, Scott,518397,2022,8.2,2.08,.200,
Brasier, Ryan,518489,2022,53.1,6.24,.297,
Bumgarner, Madison,518516,2022,147.2,4.88,.285,
Cishek, Steve,518553,2022,57.1,4.71,.235,
Cruz, Fernando,518585,2022,4.2,1.93,.125,
Diekman, Jake,518617,2022,50.1,4.47,.228,
Grimm, Justin,518748,2022,15.1,4.11,.295,
Holland, Greg,518813,2022,4.2,7.71,.333,
Kelly, Merrill,518876,2022,171.2,2.94,.219,
Kimbrel, Craig,518886,2022,49.2,3.81,.241,
McFarland, T.J.,519008,2022,32.2,6.61,.323,
Moore, Matt,519043,2022,63.0,2.14,.192,
Pressly, Ryan,519151,2022,38.2,3.26,.200,
Sale, Chris,519242,2022,5.2,3.18,.217,
Smith, Will,519293,2022,51.2,3.83,.244,
Strickland, Hunter,519326,2022,54.1,5.13,.254,
Baez, Pedro,520980,2022,2.1,11.57,.417,
Hendriks, Liam,521230,2022,50.0,3.24,.225,
Kelly, Joe,523260,2022,30.2,7.04,.262,
Perez, Martin,527048,2022,172.0,2.77,.237,
Vizcaino, Arodys,527055,2022,5.2,6.35,.182,
Castellanos, Humberto,528748,2022,44.1,5.68,.289,
Ramirez, Erasmo,541640,2022,75.1,3.11,.253,
Bethancourt, Christian,542194,2022,4.0,2.25,.333,
Cisnero, Jose,542585,2022,15.2,1.72,.182,
Anderson, Tyler,542881,2022,161.2,2.62,.225,
Armstrong, Shawn,542888,2022,52.0,4.50,.277,
Bass, Anthony,542914,2022,62.0,1.45,.200,
Bleier, Richard,542947,2022,43.1,3.12,.307,
Cole, Gerrit,543037,2022,171.1,3.20,.209,
Coulombe, Danny,543056,2022,12.1,1.46,.163,
DeSclafani, Anthony,543101,2022,19.0,6.63,.400,
Eovaldi, Nathan,543135,2022,99.2,4.15,.270,
Gose, Anthony,543238,2022,21.0,4.71,.197,
Gray, Sonny,543243,2022,110.2,3.09,.226,
Hand, Brad,543272,2022,42.2,2.32,.204,
Harrison, Josh,543281,2022,3.0,18.00,.563,
Hendricks, Kyle,543294,2022,84.1,4.80,.260,
Hudson, Daniel,543339,2022,24.1,2.22,.193,
Lyles, Jordan,543475,2022,156.0,4.62,.285,
May, Trevor,543507,2022,18.2,5.79,.273,
McHugh, Collin,543521,2022,60.2,2.82,.205,
Milone, Tommy,543548,2022,16.2,5.40,.233,
Odorizzi, Jake,543606,2022,89.0,4.15,.254,
Shaw, Bryan,543766,2022,51.1,5.79,.255,
Weber, Ryan,543901,2022,10.2,0.84,.167,
Banuelos, Manny,544365,2022,32.2,3.58,.200,
Familia, Jeurys,544727,2022,43.1,5.82,.322,
Strasburg, Stephen,544931,2022,4.2,13.50,.400,
Head, Louis,545343,2022,28.2,6.28,.274,
Poteet, Cody,547001,2022,28.0,3.86,.223,
Lorenzen, Michael,547179,2022,76.2,4.70,.240,
Kelly, Michael,547184,2022,4.0,2.25,.214,
Ryu, Hyun Jin,547943,2022,27.0,5.67,.294,
Chapman, Aroldis,547973,2022,30.2,4.70,.200,
Raley, Brooks,548384,2022,48.2,2.03,.186,
Stripling, Ross,548389,2022,113.0,3.03,.223,
Kittredge, Andrew,552640,2022,20.0,3.15,.205,
Garcia, Yimi,554340,2022,52.2,2.39,.177,
Wheeler, Zack,554430,2022,138.0,3.07,.226,
Matzek, Tyler,554431,2022,34.2,3.38,.182,
Rodriguez, Joely,570257,2022,41.2,5.18,.248,
Valdez, Phillips,570488,2022,16.1,4.41,.207,
Urena, Jose,570632,2022,74.1,5.81,.291,
Robles, Hansel,570663,2022,24.2,5.84,.260,
Cessa, Luis,570666,2022,54.1,4.97,.266,
Alvarez, R.J.,571439,2022,2.1,11.57,.400,
Appel, Mark,571446,2022,10.1,1.74,.243,
Bellatti, Andrew,571479,2022,47.2,3.40,.233,
Boyd, Matthew,571510,2022,4.0,0.00,.000,
Corbin, Patrick,571578,2022,141.1,6.30,.322,
Farmer, Buck,571656,2022,37.1,3.62,.225,
Floro, Dylan,571670,2022,43.1,3.32,.241,
Giles, Ken,571704,2022,4.1,0.00,.071,
Givens, Mychal,571710,2022,59.2,3.47,.249,
Heaney, Andrew,571760,2022,57.0,2.84,.211,
Hutchison, Drew,571800,2022,86.0,4.08,.262,
Koch, Matt,571863,2022,4.1,8.31,.278,
Law, Derek,571882,2022,10.1,0.87,.268,
Loup, Aaron,571901,2022,50.0,3.96,.230,
Markel, Parker,571917,2022,3.0,0.00,.125,
Matz, Steven,571927,2022,42.2,5.70,.269,
Mikolas, Miles,571945,2022,181.1,3.42,.230,
Milner, Hoby,571948,2022,56.0,3.70,.248,
Myers, Wil,571976,2022,3.2,7.36,.286,
Richards, Garrett,572070,2022,42.2,5.27,.262,
Selman, Sam,572125,2022,14.2,4.30,.222,
Taylor, Michael A.,572191,2022,2.0,9.00,.455,
Tepera, Ryan,572193,2022,50.1,3.58,.189,
VerHagen, Drew,572403,2022,21.2,6.65,.300,
Bard, Luke,572703,2022,15.0,1.80,.143,
Greene, Shane,572888,2022,3.0,6.00,.250,
Johnson, Pierce,572955,2022,7.0,3.86,.222,
Keuchel, Dallas,572971,2022,60.2,9.20,.349,
Mantiply, Joe,573009,2022,55.2,2.91,.248,
Rogers, Taylor,573124,2022,57.2,4.53,.231,
Stroman, Marcus,573186,2022,112.2,3.91,.243,
Thielbar, Caleb,573204,2022,52.0,3.63,.221,
Minaya, Juan,573668,2022,9.2,5.59,.216,
Kikuchi, Yusei,579328,2022,92.1,5.46,.254,
Adam, Jason,592094,2022,58.1,1.54,.135,
Brice, Austin,592169,2022,6.2,4.05,.167,
Gausman, Kevin,592332,2022,152.1,3.31,.276,
Gonzalez, Chi Chi,592346,2022,18.1,6.87,.320,
Gray, Jon,592351,2022,107.0,3.70,.222,
Hembree, Heath,592390,2022,22.0,7.36,.299,
Kahnle, Tommy,592454,2022,4.0,6.75,.231,
Kolarek, Adam,592473,2022,17.2,4.58,.294,
Ray, Robbie,592662,2022,166.2,3.56,.224,
Sadzeck, Connor,592712,2022,3.0,9.00,.333,
Sampson, Adrian,592716,2022,76.2,3.76,.266,
Sanchez, Aaron,592717,2022,52.1,6.54,.321,
Shreve, Chasen,592741,2022,26.1,6.49,.262,
Smith, Caleb,592761,2022,56.2,4.61,.229,
Smyly, Drew,592767,2022,98.1,3.57,.243,
Stanek, Ryne,592773,2022,47.1,1.14,.184,
Syndergaard, Noah,592789,2022,121.0,4.09,.267,
Taillon, Jameson,592791,2022,153.0,3.94,.247,
Thornburg, Tyler,592804,2022,19.0,3.32,.216,
Velasquez, Vince,592826,2022,62.0,5.37,.249,
Walker, Taijuan,592836,2022,134.2,3.48,.241,
Weiss, Zack,592848,2022,4.1,0.00,.133,
Wick, Rowan,592858,2022,57.0,4.42,.309,
Williams, Trevor,592866,2022,75.0,3.00,.246,
Feliz, Michael,593140,2022,3.1,2.70,.091,
German, Domingo,593334,2022,56.0,3.21,.239,
Montas, Frankie,593423,2022,141.0,3.89,.248,
Neris, Hector,593576,2022,59.1,3.34,.192,
Tapia, Domingo,593619,2022,17.0,8.47,.338,
Alberto, Hanser,593643,2022,8.0,3.38,.250,
Rodriguez, Eduardo,593958,2022,66.0,4.50,.256,
Peralta, Wandy,593974,2022,55.1,2.44,.195,
Gustave, Jandel,594311,2022,28.0,3.86,.236,
Mayers, Mike,594577,2022,47.1,5.51,.258,
Moll, Sam,594580,2022,42.2,2.74,.197,
deGrom, Jacob,594798,2022,43.1,1.66,.135,
Gonzales, Marco,594835,2022,159.2,3.89,.267,
Treinen, Blake,595014,2022,5.0,1.80,.063,
Eickhoff, Jerad,595191,2022,4.1,20.77,.455,
Okert, Steven,595345,2022,50.0,2.52,.180,
Beede, Tyler,595881,2022,59.1,5.16,.282,
Ellis, Chris,595939,2022,4.1,10.38,.278,
Junis, Jakob,596001,2022,92.2,3.98,.248,
Mengden, Daniel,596043,2022,7.0,5.14,.333,
Norris, Daniel,596057,2022,49.1,6.20,.237,
Peters, Dillon,596071,2022,39.1,4.58,.241,
Reed, Jake,596082,2022,13.1,6.08,.224,
Stephenson, Robert,596112,2022,51.0,5.82,.284,
Stubbs, Garrett,596117,2022,3.0,21.00,.467,
Weaver, Luke,596133,2022,27.1,7.24,.336,
Lawrence, Casey,596271,2022,15.2,8.04,.317,
Gomber, Austin,596295,2022,115.2,5.68,.279,
Barnes, Matt,598264,2022,31.2,5.40,.258,
Ramirez, Noe,598287,2022,50.0,5.22,.245,
Leclerc, Jose,600917,2022,41.2,3.02,.182,
Machado, Andres,600921,2022,47.1,4.18,.253,
Pivetta, Nick,601713,2022,155.1,4.29,.246,
Barlow, Scott,605130,2022,66.0,2.45,.209,
Bassitt, Chris,605135,2022,165.0,3.44,.237,
Bradley, Archie,605151,2022,18.2,4.82,.239,
Brebbia, John,605154,2022,59.1,2.88,.256,
Brooks, Aaron,605156,2022,9.1,7.71,.275,
Bundy, Dylan,605164,2022,123.0,4.68,.269,
Chafin, Andrew,605177,2022,48.0,2.81,.208,
Clevinger, Mike,605182,2022,93.2,4.13,.226,
Cotton, Jharel,605194,2022,35.0,2.83,.185,
Crick, Kyle,605195,2022,15.2,4.02,.189,
Davies, Zach,605200,2022,116.2,4.09,.239,
Edwards Jr., Carl,605218,2022,53.0,2.89,.201,
Fulmer, Michael,605242,2022,56.0,3.21,.232,
Holmes, Clay,605280,2022,56.0,2.41,.193,
Houser, Adrian,605288,2022,91.2,4.61,.254,
Lopez, Jorge,605347,2022,62.2,2.30,.207,
Musgrove, Joe,605397,2022,159.0,3.28,.232,
Nola, Aaron,605400,2022,179.1,3.31,.224,
Rodriguez, Dereck,605446,2022,4.0,6.75,.250,
Romano, Jordan,605447,2022,55.1,1.95,.185,
Scott, Tayler,605463,2022,12.0,6.75,.358,
Snell, Blake,605483,2022,103.0,4.02,.238,
Springs, Jeffrey,605488,2022,109.2,2.54,.228,
Thompson, Zach,605507,2022,111.2,5.24,.284,
Warren, Art,605521,2022,36.0,6.50,.264,
Wendelken, J.B.,605525,2022,29.0,5.28,.234,
Wisler, Matt,605538,2022,44.0,2.25,.189,
Woodruff, Brandon,605540,2022,127.1,3.39,.222,
Castro, Harold,605612,2022,4.0,4.50,.400,
Perdomo, Luis,606131,2022,15.2,3.45,.262,
Gallegos, Giovanny,606149,2022,52.1,3.27,.209,
Montero, Rafael,606160,2022,58.2,2.45,.199,
Elias, Roenis,606273,2022,7.2,3.52,.233,
Payamps, Joel,606303,2022,54.0,2.83,.269,
Garcia, Jarlin,606424,2022,55.0,3.44,.239,
Moronta, Reyes,606625,2022,30.1,4.15,.198,
Barnes, Jacob,606930,2022,20.2,6.10,.269,
Devenski, Chris,606965,2022,10.2,7.59,.318,
Hager, Jake,606993,2022,2.1,7.71,.300,
Rodon, Carlos,607074,2022,162.2,2.93,.206,
Weems, Jordan,607179,2022,26.2,6.41,.248,
Fedde, Erick,607200,2022,110.0,5.24,.274,
Krehbiel, Joey,607216,2022,52.0,2.77,.223,
Gsellman, Robert,607229,2022,15.1,4.70,.279,
Garrett, Amir,607237,2022,39.0,5.08,.178,
Martinez, Nick,607259,2022,96.1,3.27,.243,
Patton, Spencer,607359,2022,7.0,3.86,.174,
Mazza, Chris,607391,2022,5.1,11.81,.333,
Banda, Anthony,607455,2022,26.2,6.75,.361,
Barraclough, Kyle,607457,2022,9.0,3.00,.219,
Bummer, Aaron,607481,2022,20.0,3.15,.273,
Freeland, Kyle,607536,2022,153.2,4.63,.275,
Howard, Sam,607572,2022,2.0,9.00,.286,
Ladwig, A.J.,607609,2022,3.1,10.80,.400,
Lugo, Seth,607625,2022,55.2,3.23,.237,
Means, John,607644,2022,8.0,3.38,.258,
Vasquez, Andrew,607755,2022,6.2,8.10,.231,
Estevez, Carlos,608032,2022,51.2,3.66,.220,
De Jong, Chase,608328,2022,60.1,2.39,.190,
Fried, Max,608331,2022,169.1,2.50,.226,
Giolito, Lucas,608337,2022,139.0,5.18,.283,
Irvin, Cole,608344,2022,159.1,3.73,.238,
Kelly, Carson,608348,2022,3.1,8.10,.471,
Knebel, Corey,608349,2022,44.2,3.43,.202,
Sims, Lucas,608371,2022,6.2,9.45,.217,
Wacha, Michael,608379,2022,107.0,2.69,.213,
Marquez, German,608566,2022,157.2,5.25,.266,
Chargois, JT,608638,2022,12.2,3.55,.217,
Duffey, Tyler,608648,2022,44.0,4.91,.268,
Farrell, Luke,608652,2022,14.0,3.86,.263,
Graveman, Kendall,608665,2022,57.2,2.81,.251,
Leone, Dominic,608678,2022,49.1,4.01,.281,
Steckenrider, Drew,608716,2022,14.1,5.65,.333,
Stratton, Chris,608717,2022,57.2,4.37,.292,
Suter, Brent,608718,2022,58.0,4.03,.245,
Voth, Austin,608723,2022,85.2,4.41,.272,
Castro, Miguel,612434,2022,27.0,4.00,.243,
Ruiz, Jose,614179,2022,53.2,4.19,.233,
Quantrill, Cal,615698,2022,157.0,3.50,.253,
Sawamura, Hirokazu,617228,2022,50.2,3.73,.238,
Schrock, Max,621011,2022,1.0,45.00,.700,
Cuas, Jose,621016,2022,34.0,3.44,.269,
Wilson, Steven,621051,2022,45.1,2.98,.188,
Rucker, Michael,621074,2022,45.1,4.37,.243,
Kaprielian, James,621076,2022,109.0,4.79,.247,
Lemoine, Jake,621082,2022,16.1,7.71,.273,
Eflin, Zach,621107,2022,68.0,4.37,.251,
Buehler, Walker,621111,2022,65.0,4.02,.263,
Blackburn, Paul,621112,2022,111.1,4.28,.255,
Burr, Ryan,621114,2022,9.0,6.00,.229,
McCullers Jr., Lance,621121,2022,28.2,2.20,.221,
Mills, Alec,621219,2022,17.2,9.68,.364,
Alvarado, Jose,621237,2022,43.1,3.74,.222,
Diaz, Edwin,621242,2022,54.0,1.50,.166,
Berrios, Jose,621244,2022,152.2,5.07,.283,
Garza Jr., Ralph,621248,2022,35.0,3.34,.284,
Underwood Jr., Duane,621249,2022,48.0,4.50,.266,
Wittgren, Nick,621295,2022,29.0,5.90,.299,
Minter, A.J.,621345,2022,59.0,2.14,.201,
Clay, Sam,621348,2022,5.1,8.44,.200,
Poche, Colin,621363,2022,51.1,2.63,.189,
Borucki, Ryan,621366,2022,25.1,5.68,.247,
Hearn, Taylor,621368,2022,89.1,4.94,.265,
Strahm, Matt,621381,2022,37.2,3.11,.217,
Banks, Tanner,621383,2022,47.0,3.26,.226,
Blach, Ty,621389,2022,40.0,6.30,.297,
Phillips, Brett,621433,2022,4.0,18.00,.450,
Castro, Anthony,621593,2022,13.1,7.43,.345,
Young, Alex,622065,2022,15.2,2.87,.290,
Wood, Alex,622072,2022,130.2,5.10,.262,
Almonte, Yency,622075,2022,31.1,1.15,.167,
Smith, Drew,622098,2022,41.0,3.51,.217,
Reyes Jr., Gerardo,622103,2022,2.0,4.50,.333,
Sborz, Josh,622250,2022,22.1,6.45,.284,
Staumont, Josh,622251,2022,37.2,6.45,.261,
Tate, Dillon,622253,2022,64.2,2.64,.227,
Castillo, Luis,622379,2022,3.2,0.00,.143,
Castillo, Luis,622491,2022,128.1,2.81,.209,
Crismatt, Nabil,622503,2022,63.1,2.98,.227,
Dominguez, Seranthony,622554,2022,45.0,1.60,.167,
Senzatela, Antonio,622608,2022,92.1,5.07,.349,
Severino, Luis,622663,2022,86.0,3.45,.211,
Hernandez, Elieser,622694,2022,58.1,6.33,.269,
Tinoco, Jesus,622786,2022,11.2,2.31,.171,
Sewald, Paul,623149,2022,57.1,2.67,.138,
Flexen, Chris,623167,2022,127.0,3.83,.254,
Brazoban, Huascar,623211,2022,23.2,3.42,.227,
Hader, Josh,623352,2022,42.2,6.12,.238,
Stephens, Jackson,623451,2022,45.0,3.80,.240,
Phillips, Evan,623465,2022,54.1,1.33,.148,
Herget, Jimmy,623474,2022,59.0,2.44,.190,
Goudeau, Ashton,623485,2022,20.1,7.08,.305,
Suarez, Ranger,624133,2022,134.1,3.62,.249,
Castellani, Ryan,624418,2022,2.2,0.00,.182,
Gordon, Nick,624503,2022,3.2,22.09,.476,
Thompson, Keegan,624522,2022,104.1,3.97,.253,
Lopez, Reynaldo,625643,2022,55.1,3.09,.225,
Iglesias, Raisel,628452,2022,51.1,2.98,.199,
Marte, Yunior,628708,2022,38.2,6.28,.278,
Urias, Julio,628711,2022,152.2,2.30,.197,
Chirinos, Yonny,630023,2022,3.0,0.00,.308,
Crowe, Wil,640444,2022,71.2,3.64,.220,
Finnegan, Kyle,640448,2022,56.2,3.97,.231,
Harvey, Hunter,640451,2022,29.0,2.79,.223,
Manaea, Sean,640455,2022,139.1,5.23,.262,
Puk, A.J.,640462,2022,56.1,3.20,.216,
Lopez, Pablo,641154,2022,153.2,4.04,.243,
Alexander, Tyler,641302,2022,77.1,5.35,.293,
Baker, Bryan,641329,2022,59.0,4.12,.247,
Bickford, Phil,641360,2022,54.2,4.61,.241,
Brentz, Jake,641394,2022,5.1,23.63,.423,
Brogdon, Connor,641401,2022,35.1,3.06,.257,
Castano, Daniel,641447,2022,35.2,4.04,.292,
Cortes Jr., Nestor,641482,2022,135.0,2.73,.198,
Danish, Tyler,641501,2022,33.1,4.05,.230,
Dunning, Dane,641540,2022,143.2,4.39,.269,
Foster, Matt,641582,2022,45.0,4.40,.247,
Gott, Trevor,641627,2022,38.0,4.03,.199,
Hamilton, Ian,641656,2022,2.2,6.75,.300,
Hatch, Thomas,641672,2022,4.2,19.29,.522,
Hendrix, Ryan,641682,2022,8.1,5.40,.300,
Hudson, Dakota,641712,2022,126.0,4.43,.267,
Jefferies, Daulton,641726,2022,39.1,5.72,.286,
Jimenez, Joe,641729,2022,54.0,3.00,.212,
Kay, Anthony,641743,2022,2.0,4.50,.286,
Keller, Brad,641745,2022,132.1,5.24,.278,
Kinley, Tyler,641755,2022,24.0,0.75,.226,
Kuhl, Chad,641771,2022,117.0,5.38,.275,
Lauer, Eric,641778,2022,145.0,3.91,.237,
Littell, Zack,641793,2022,44.1,5.08,.276,
Mahle, Tyler,641816,2022,120.2,4.40,.230,
Mayza, Tim,641835,2022,41.0,2.85,.243,
McKay, David,641853,2022,6.2,6.75,.296,
Middleton, Keynan,641871,2022,15.0,4.80,.236,
Murphy, Patrick,641907,2022,5.2,6.35,.320,
Neuse, Sheldon,641914,2022,3.2,0.00,.083,
Ober, Bailey,641927,2022,33.2,4.01,.273,
Pagan, Emilio,641941,2022,55.2,4.85,.259,
Rogers, Josh,642028,2022,26.1,5.13,.238,
Saucedo, Tayler,642048,2022,2.2,13.50,.429,
Sedlock, Cody,642060,2022,3.0,15.00,.400,
Speier, Gabe,642100,2022,19.1,2.33,.225,
Sulser, Cole,642121,2022,31.2,5.12,.293,
Taylor, Blake,642130,2022,16.0,3.94,.234,
Trivino, Lou,642152,2022,46.2,4.82,.299,
VanMeter, Josh,642165,2022,3.0,39.00,.600,
Widener, Taylor,642203,2022,5.2,7.94,.370,
Williams, Devin,642207,2022,54.1,1.82,.152,
Yacabonis, Jimmy,642231,2022,13.0,7.62,.321,
Yarbrough, Ryan,642232,2022,76.0,4.38,.270,
Soto, Gregory,642397,2022,51.0,3.53,.228,
Loaisiga, Jonathan,642528,2022,37.2,4.54,.227,
Barria, Jaime,642545,2022,72.2,2.60,.206,
Hernandez, Jonathan,642546,2022,21.2,2.91,.256,
Peralta, Freddy,642547,2022,70.1,3.45,.184,
Bautista, Felix,642585,2022,61.0,1.62,.159,
Santana, Dennis,642701,2022,50.1,5.01,.223,
Acevedo, Domingo,642758,2022,61.1,3.52,.203,
Guerra, Javy,642770,2022,9.1,9.64,.326,
Wynns, Austin,642851,2022,2.0,13.50,.333,
Brault, Steven,643230,2022,9.0,3.00,.242,
Cimber, Adam,643256,2022,59.2,3.17,.248,
Dunn, Justin,643290,2022,31.0,6.10,.276,
Fry, Paul,643316,2022,13.0,6.23,.229,
Green, Chad,643338,2022,15.0,3.00,.241,
Jax, Griffin,643377,2022,64.2,3.34,.209,
Knight, Dusten,643400,2022,8.0,4.50,.250,
Leiter Jr., Mark,643410,2022,59.0,4.27,.219,
Pruitt, Austin,643493,2022,46.2,4.24,.223,
Rogers, Tyler,643511,2022,64.1,4.20,.257,
Schwindel, Frank,643524,2022,3.0,18.00,.471,
Zeuch, T.J.,643615,2022,10.2,15.19,.453,
Arano, Victor,644364,2022,42.0,4.50,.278,
Chang, Yu,644374,2022,2.0,13.50,.600,
Severino, Anderson,644429,2022,7.1,6.14,.250,
Alcantara, Sandy,645261,2022,196.2,2.43,.213,
Diaz, Jhonathan,646242,2022,15.1,2.93,.236,
Pop, Zach,647315,2022,29.2,3.64,.294,
Wells, Alex,649144,2022,3.2,4.91,.313,
Ruiz, Norge,650204,2022,11.1,7.94,.385,
Hernandez, Darwinzon,650382,2022,6.2,21.60,.424,
Mejia, J.C.,650496,2022,2.1,23.14,.455,
Garcia, Bryan,650530,2022,13.2,3.29,.191,
Abreu, Bryan,650556,2022,53.2,1.84,.195,
King, Michael,650633,2022,51.0,2.29,.192,
Civale, Aaron,650644,2022,75.0,5.40,.265,
Quijada, Jose,650671,2022,31.1,3.73,.184,
Cabrera, Genesis,650893,2022,44.2,4.63,.231,
Castillo, Diego,650895,2022,47.0,4.02,.215,
Sanchez, Cristopher,650911,2022,37.0,5.59,.238,
Diplan, Marcos,650959,2022,5.2,1.59,.182,
Duarte, Daniel,650960,2022,2.2,10.13,.300,
Rodriguez, Manuel,655889,2022,7.0,3.86,.259,
Zabala, Aneurys,656008,2022,2.2,0.00,.333,
Abreu, Albert,656061,2022,38.0,3.32,.239,
Beeks, Jalen,656222,2022,58.1,2.93,.227,
Bielak, Brandon,656232,2022,12.1,3.65,.234,
Bird, Jake,656234,2022,37.0,4.62,.246,
Brigham, Jeff,656257,2022,15.0,4.20,.259,
Burke, Brock,656271,2022,71.2,1.51,.204,
Carlton, Drew,656290,2022,8.2,2.08,.129,
Cease, Dylan,656302,2022,162.0,2.06,.184,
Coonrod, Sam,656322,2022,9.2,3.72,.167,
Davidson, Tucker,656353,2022,42.2,6.96,.275,
Davis, Austin,656354,2022,56.0,5.79,.258,
Faedo, Alex,656412,2022,53.2,5.53,.293,
Feyereisen, J.P.,656420,2022,24.1,0.00,.086,
Flaherty, Jack,656427,2022,18.0,4.50,.282,
Gilbert, Tyler,656457,2022,34.1,5.24,.250,
Gilbreath, Lucas,656458,2022,43.0,4.19,.242,
Ginkel, Kevin,656464,2022,21.0,4.29,.272,
Griffin, Foster,656492,2022,4.1,12.46,.375,
Hentges, Sam,656529,2022,54.1,2.65,.191,
Hoffman, Jeff,656546,2022,44.2,3.83,.235,
Holloway, Jordan,656548,2022,2.2,3.38,.300,
Houck, Tanner,656557,2022,60.0,3.15,.226,
Keller, Mitch,656605,2022,137.0,4.01,.269,
Kopech, Michael,656629,2022,114.1,3.78,.202,
Lange, Alex,656638,2022,53.2,4.02,.212,
Logue, Zach,656657,2022,57.0,6.79,.293,
Martin, Brett,656685,2022,49.2,4.17,.262,
Martin, Corbin,656686,2022,22.1,4.84,.291,
Megill, Trevor,656730,2022,40.2,3.98,.272,
Megill, Tylor,656731,2022,41.1,5.01,.245,
Montes de Oca, Bryce,656755,2022,3.1,10.80,.412,
Montgomery, Jordan,656756,2022,158.0,3.08,.227,
Mushinski, Parker,656786,2022,7.1,3.68,.192,
Nelson, Nick,656793,2022,62.1,4.62,.247,
Newcomb, Sean,656794,2022,27.2,8.78,.287,
Norwood, James,656803,2022,17.1,8.31,.316,
Ortiz, Luis,656814,2022,2.2,0.00,.111,
Overton, Connor,656818,2022,24.2,1.82,.185,
Peterson, David,656849,2022,98.2,3.47,.238,
Rasmussen, Drew,656876,2022,122.2,2.57,.221,
Reid-Foley, Sean,656887,2022,10.0,5.40,.194,
Scott, Tanner,656945,2022,55.2,4.20,.232,
Sheffield, Justus,656954,2022,6.2,0.00,.095,
Smeltzer, Devin,656970,2022,70.1,3.71,.253,
Sousa, Bennett,656986,2022,20.1,8.41,.301,
Steele, Justin,657006,2022,119.0,3.18,.244,
Swanson, Erik,657024,2022,45.1,1.19,.191,
Thompson, Ryan,657044,2022,42.2,3.80,.234,
Toussaint, Touki,657053,2022,25.1,4.62,.176,
Watkins, Spenser,657093,2022,94.2,4.37,.270,
Wright, Kyle,657140,2022,158.2,3.23,.231,
Merryweather, Julian,657240,2022,23.0,5.48,.286,
Otto Jr., Glenn,657248,2022,114.2,4.71,.229,
Strzelecki, Peter,657265,2022,25.0,3.60,.250,
Uelmen, Erich,657272,2022,18.2,5.79,.270,
Webb, Logan,657277,2022,178.0,2.88,.240,
Schmidt, Clarke,657376,2022,46.2,2.70,.228,
Gage, Matt,657424,2022,13.0,1.38,.146,
Baumann, Mike,657508,2022,17.0,4.76,.313,
Bernardino, Brennan,657514,2022,2.1,3.86,.300,
Ferguson, Caleb,657571,2022,27.0,1.67,.133,
Garrett, Reed,657585,2022,7.2,8.22,.333,
Hill, Tim,657612,2022,41.2,3.02,.258,
Koenig, Jared,657649,2022,28.1,5.72,.255,
Ryan, Joe,657746,2022,122.1,4.05,.222,
Seabold, Connor,657756,2022,11.1,11.91,.429,
Stout, Eric,657770,2022,18.2,4.34,.276,
Medina, Adonis,658431,2022,23.2,6.08,.306,
Fernandez, Junior,658551,2022,15.1,2.93,.283,
Avila, Pedro,658648,2022,4.0,4.50,.188,
Espinoza, Anderson,659262,2022,18.1,5.40,.215,
Lamet, Dinelson,659275,2022,26.1,6.15,.255,
Ohtani, Shohei,660271,2022,141.0,2.55,.217,
Reyes, Denyi,660593,2022,7.2,2.35,.267,
Paredes, Enoli,660600,2022,3.0,3.00,.273,
Ynoa, Huascar,660623,2022,6.2,13.50,.355,
Castillo, Diego,660636,2022,2.0,36.00,.545,
Rodriguez, Elvin,660730,2022,26.0,10.04,.321,
Suarez, Jose,660761,2022,86.0,3.77,.233,
De Los Santos, Yerry,660787,2022,25.2,4.91,.224,
Graterol, Brusdar,660813,2022,44.2,3.02,.200,
Bazardo, Eduard,660825,2022,5.0,7.20,.250,
De Los Santos, Enyel,660853,2022,46.1,2.91,.216,
Alcala, Jorge,660896,2022,2.1,0.00,.250,
Perez, Francisco,660906,2022,8.2,7.27,.333,
Lopez, Yoan,661255,2022,11.0,5.73,.311,
Gutierrez, Vladimir,661269,2022,36.2,7.61,.313,
Martinez, Adrian,661309,2022,38.2,5.59,.301,
Ortega, Oliver,661383,2022,34.0,3.71,.250,
Duran, Jhoan,661395,2022,62.2,1.72,.194,
Clase, Emmanuel,661403,2022,60.2,1.34,.160,
Llovera, Mauricio,661440,2022,16.1,4.41,.219,
Martinez, Seth,661527,2022,37.2,2.15,.191,
Gil, Luis,661563,2022,4.0,9.00,.294,
Munoz, Andres,662253,2022,57.2,2.65,.193,
Suarez, Robert,663158,2022,38.0,2.84,.182,
Feltner, Ryan,663372,2022,75.0,6.12,.274,
Szapucki, Thomas,663378,2022,5.1,16.88,.481,
Smith, Chad,663385,2022,8.1,10.80,.242,
Thornton, Trent,663423,2022,44.0,4.30,.245,
Rainey, Tanner,663432,2022,30.0,3.30,.228,
Martin, Davis,663436,2022,44.0,4.09,.244,
Pilkington, Konnor,663455,2022,52.1,4.30,.252,
Bubic, Kris,663460,2022,111.2,5.40,.293,
Allard, Kolby,663465,2022,17.0,8.47,.284,
McKenzie, Triston,663474,2022,165.1,3.05,.200,
Sands, Cole,663485,2022,26.2,6.75,.282,
Allen, Logan,663531,2022,7.2,5.87,.353,
Hjelle, Sean,663546,2022,11.0,5.73,.277,
Mize, Casey,663554,2022,10.0,5.40,.302,
McClanahan, Shane,663556,2022,147.1,2.20,.185,
Moran, Jovani,663558,2022,29.1,1.84,.179,
Falter, Bailey,663559,2022,62.2,4.02,.258,
Santillan, Tony,663574,2022,19.2,5.49,.299,
Small, Ethan,663629,2022,6.1,7.11,.320,
Neidert, Nick,663734,2022,5.0,3.60,.250,
Lynch, Daniel,663738,2022,112.0,5.14,.289,
Morris, Cody,663752,2022,6.0,3.00,.280,
Knehr, Reiss,663753,2022,13.2,3.95,.216,
Woodford, Jake,663765,2022,37.0,2.92,.258,
Hoeing, Bryan,663773,2022,7.0,15.43,.441,
Sandoval, Patrick,663776,2022,127.0,2.98,.246,
Kowar, Jackson,663804,2022,15.2,9.77,.380,
Hicks, Jordan,663855,2022,59.1,5.01,.205,
Singer, Brady,663903,2022,134.2,3.21,.246,
Holton, Tyler,663947,2022,9.0,3.00,.222,
Paddack, Chris,663978,2022,22.1,4.03,.284,
Stephan, Trevor,663986,2022,55.2,2.43,.245,
Vespi, Nick,663989,2022,25.2,4.21,.276,
Lakins Sr., Travis,664042,2022,10.1,9.58,.326,
Stashak, Cody,664054,2022,16.1,3.86,.250,
Gonsolin, Tony,664062,2022,128.1,2.10,.169,
Cleavinger, Garrett,664076,2022,11.2,5.40,.227,
Poppen, Sean,664092,2022,25.1,3.91,.267,
Effross, Scott,664123,2022,52.1,2.75,.221,
Fairbanks, Pete,664126,2022,18.2,1.45,.172,
Gibaut, Ian,664139,2022,28.0,4.50,.275,
Brubaker, JT,664141,2022,138.1,4.36,.264,
Swarmer, Matt,664161,2022,34.0,5.03,.250,
Clarke, Taylor,664199,2022,47.0,4.02,.261,
Cyr, Tyler,664202,2022,5.1,3.38,.238,
Maton III, Phil,664208,2022,54.2,3.95,.240,
Valdez, Framber,664285,2022,179.2,2.50,.213,
Moreta, Dauri,664294,2022,33.2,5.61,.232,
Javier, Cristian,664299,2022,125.2,3.01,.183,
Yajure, Miguel,664337,2022,17.2,8.66,.320,
Urquidy, Jose,664353,2022,151.0,3.75,.245,
Romero, Jhon,664584,2022,5.0,3.60,.391,
Diaz, Alexis,664747,2022,54.0,1.83,.134,
Cousins, Jake,664776,2022,8.0,4.50,.250,
Young, Danny,664849,2022,6.1,4.26,.367,
Helsley, Ryan,664854,2022,57.1,1.26,.129,
Lawrence, Justin,664875,2022,32.2,4.41,.246,
Naile, James,664942,2022,9.0,5.00,.229,
Vieaux, Cam,664944,2022,8.2,10.38,.366,
Misiewicz, Anthony,664948,2022,19.1,5.59,.276,
Kelley, Trevor,665001,2022,21.0,6.00,.259,
Clemens, Kody,665019,2022,6.0,4.50,.370,
Kremer, Dean,665152,2022,94.2,3.23,.267,
Garcia, Rony,665621,2022,51.0,4.41,.213,
Peguero, Elvis,665625,2022,17.1,6.75,.319,
Castro, Kervin,665645,2022,12.1,10.22,.300,
Sanmartin, Reiver,665665,2022,46.2,6.94,.319,
Cabrera, Edward,665795,2022,54.2,2.63,.168,
Assad, Javier,665871,2022,21.1,2.53,.241,
Marte, Jose,665896,2022,10.0,8.10,.216,
Anderson, Ian,666120,2022,111.2,5.00,.264,
Garrett, Braxton,666129,2022,73.1,3.68,.243,
Ragans, Cole,666142,2022,21.1,3.80,.225,
Lodolo, Nick,666157,2022,81.0,3.78,.247,
Manning, Matt,666159,2022,50.2,3.73,.249,
Thompson, Mason,666168,2022,14.0,0.64,.128,
Luzardo, Jesus,666200,2022,75.2,3.81,.194,
Manoah, Alek,666201,2022,171.0,2.42,.207,
Jimenez, Dany,666204,2022,34.1,3.41,.183,
Muller, Kyle,666205,2022,7.2,10.57,.233,
Wentz, Joey,666214,2022,13.1,4.05,.213,
Brash, Matt,666374,2022,42.1,4.46,.263,
Santos, Gregory,666619,2022,3.2,4.91,.214,
Castillo, Max,666721,2022,30.1,2.97,.205,
Doval, Camilo,666808,2022,59.1,2.58,.220,
Frias, Luis,666818,2022,11.2,12.34,.320,
Cano, Yennier,666974,2022,15.1,12.33,.343,
Nance, Tommy,667297,2022,38.2,4.66,.275,
Rondon, Angel,667373,2022,5.0,0.00,.059,
Sanchez, Miguel,667376,2022,13.1,4.05,.245,
Jackson, Zach,667427,2022,48.0,3.00,.171,
King, John,667463,2022,42.1,4.25,.286,
Fletcher, Aaron,667465,2022,11.2,6.94,.233,
Dugger, Robert,667498,2022,16.0,6.19,.292,
Tyler, Kyle,667725,2022,4.0,0.00,.154,
Miller, Tyson,668338,2022,3.0,18.00,.357,
Nogosek, Stephen,668665,2022,19.1,2.79,.224,
Plesac, Zach,668676,2022,127.0,4.39,.256,
Gallen, Zac,668678,2022,158.2,2.50,.185,
Tully, Tanner,668684,2022,6.0,6.00,.333,
Kranick, Max,668820,2022,5.0,0.00,.188,
Thompson, Zack,668868,2022,26.2,2.03,.188,
Kilian, Caleb,668873,2022,11.1,10.32,.262,
Greene, Hunter,668881,2022,102.2,5.26,.237,
Ashcraft, Graham,668933,2022,93.0,3.97,.272,
Romero, JoJo,668941,2022,10.0,4.50,.235,
McCarty, Kirk,668948,2022,24.1,5.55,.277,
Gore, MacKenzie,669022,2022,70.0,4.50,.248,
Wilson, Bryse,669060,2022,94.0,6.03,.306,
Hall, DL,669084,2022,6.1,11.37,.357,
Estrada, Jeremiah,669093,2022,3.2,4.91,.357,
Zimmermann, Bruce,669145,2022,73.2,5.99,.321,
May, Dustin,669160,2022,21.0,4.29,.187,
Heasley, Jonathan,669169,2022,81.2,5.51,.276,
Nelson, Ryne,669194,2022,13.0,0.00,.133,
Burnes, Corbin,669203,2022,172.0,2.93,.196,
Akin, Keegan,669211,2022,74.1,3.03,.221,
Morgan, Eli,669212,2022,55.0,3.93,.198,
Kuhnel, Joel,669270,2022,49.0,5.69,.275,
Lee, Dylan,669276,2022,41.2,2.59,.238,
Gilbert, Logan,669302,2022,161.2,3.23,.246,
Wells, Tyler,669330,2022,96.2,3.91,.232,
Baz, Shane,669358,2022,27.0,5.00,.252,
Skubal, Tarik,669373,2022,117.2,3.52,.237,
Coleman, Dylan,669395,2022,58.2,2.45,.191,
Lambert, Jimmy,669424,2022,40.0,2.70,.237,
Rogers, Trevor,669432,2022,106.0,5.35,.271,
Bieber, Shane,669456,2022,173.1,2.91,.229,
Nelson, Kyle,669459,2022,37.0,2.19,.194,
Liberatore, Matthew,669461,2022,29.2,5.46,.298,
Pallante, Andre,669467,2022,100.0,3.24,.276,
Barlow, Joe,669618,2022,31.1,3.16,.212,
Bender, Anthony,669622,2022,19.1,3.26,.250,
Long, Sam,669674,2022,42.1,3.61,.238,
Weissert, Greg,669711,2022,8.0,7.88,.194,
Wesneski, Hayden,669713,2022,8.2,3.12,.188,
De Jesus, Angel,669804,2022,9.1,2.89,.216,
Blanco, Ronel,669854,2022,6.1,7.11,.296,
Snead, Kirby,669912,2022,39.0,6.00,.313,
Alexander, Jason,669920,2022,68.0,5.29,.308,
Kirby, George,669923,2022,111.2,2.98,.258,
Alexy, A.J.,669935,2022,7.0,11.57,.345,
White, Mitch,669952,2022,81.1,5.09,.264,
Festa, Matthew,670036,2022,45.0,3.60,.217,
Rosenberg, Kenny,670046,2022,10.2,4.22,.225,
Holderman, Colin,670059,2022,28.1,3.81,.206,
Mills, Wyatt,670090,2022,29.1,4.60,.243,
Oller, Adam,670124,2022,73.1,6.01,.275,
Schreiber, John,670167,2022,57.1,2.04,.186,
Winckowski, Josh,670174,2022,67.1,5.75,.293,
Bednar, David,670280,2022,46.2,2.70,.208,
Fishman, Jake,670288,2022,4.1,2.08,.333,
Garcia, Rico,670329,2022,8.0,4.50,.250,
Diehl, Phillip,670426,2022,5.2,11.12,.320,
Brosseau, Mike,670712,2022,3.0,0.00,.167,
Gonzalez, Luis,670768,2022,6.1,5.68,.310,
Gillaspie, Logan,670810,2022,12.0,3.75,.340,
Oviedo, Johan,670912,2022,30.0,3.90,.248,
Richards, Trevor,670950,2022,55.2,4.85,.248,
Uceta, Edwin,670955,2022,17.0,5.82,.215,
Morejon, Adrian,670970,2022,25.0,4.32,.253,
Ramirez, Yohan,670990,2022,25.1,6.04,.247,
Foley, Jason,671345,2022,53.2,3.19,.278,
Bolanos, Ronald,671790,2022,18.1,4.42,.286,
Detmers, Reid,672282,2022,113.0,3.82,.227,
Perez, Cionel,672335,2022,49.1,1.46,.223,
Ort, Kaleb,672391,2022,21.1,6.33,.322,
Hernandez, Carlos,672578,2022,46.0,8.02,.325,
Zerpa, Angel,672582,2022,11.0,1.64,.220,
Contreras, Roansy,672710,2022,79.1,3.29,.223,
Patino, Luis,672715,2022,20.0,8.10,.313,
Morales, Francisco,672839,2022,5.0,7.20,.143,
Adon, Joan,672851,2022,64.2,7.10,.290,
Cruz, Jesus,672911,2022,8.2,6.23,.235,
Barker, Luke,673316,2022,4.0,11.25,.368,
Walsh, Jake,673904,2022,2.2,13.50,.250,
Henry, Tommy,674072,2022,36.0,5.50,.271,
Curry, Xzavion,675540,2022,9.1,5.79,.325,
Grove, Michael,675627,2022,9.1,4.82,.286,
Strider, Spencer,675911,2022,125.2,2.72,.186,
Lowther, Zac,675912,2022,5.1,8.44,.348,
Karinchak, James,675916,2022,28.2,1.57,.152,
Howard, Spencer,675921,2022,37.2,7.41,.309,
Naughton, Packy,676050,2022,28.0,5.14,.281,
Junk, Janson,676083,2022,8.1,6.48,.294,
Snider, Collin,676092,2022,29.0,5.90,.284,
Jones, Damon,676103,2022,4.2,9.64,.222,
Butto, Jose,676130,2022,4.0,15.75,.429,
Tetreault, Jackson,676194,2022,21.0,5.14,.274,
Abbott, Cory,676265,2022,32.0,4.22,.207,
Clement, Ernie,676391,2022,2.0,18.00,.600,
Whitlock, Garrett,676477,2022,76.1,3.42,.221,
Faucher, Calvin,676534,2022,17.1,6.75,.316,
Fleming, Josh,676596,2022,26.1,6.84,.345,
Sanders, Phoenix,676637,2022,14.2,3.07,.226,
Sulser, Beau,676641,2022,21.0,3.86,.265,
Solomon, Jared,676660,2022,8.1,10.80,.242,
Sears, JP,676664,2022,51.1,3.33,.259,
Vest, Will,676684,2022,55.1,3.90,.251,
Crawford, Kutter,676710,2022,77.1,5.47,.269,
Hughes, Brandon,676714,2022,50.0,3.24,.192,
Romero, Tommy,676720,2022,4.2,7.71,.188,
Marinaccio, Ron,676760,2022,37.1,1.93,.151,
Whitley, Kodi,676831,2022,12.2,5.68,.234,
Peacock, Matt,676840,2022,10.0,5.40,.286,
Ashby, Aaron,676879,2022,96.1,4.58,.252,
Beasley, Jeremy,676886,2022,15.0,4.80,.250,
Cavalli, Cade,676917,2022,4.1,14.54,.333,
Meyer, Max,676974,2022,6.0,7.50,.292,
Nardi, Andrew,677053,2022,8.0,14.63,.415,
Kelly, Zack,677161,2022,6.2,2.70,.217,
Garcia, Luis,677651,2022,140.1,4.04,.230,
Bruihl, Justin,677865,2022,20.1,3.98,.267,
Weathers, Ryan,677960,2022,3.2,9.82,.353,
Kerr, Ray,678061,2022,5.0,9.00,.188,
Bello, Brayan,678394,2022,37.1,5.79,.304,
Gray, Josiah,680686,2022,131.2,5.06,.240,
Bradish, Kyle,680694,2022,97.0,5.01,.281,
Sandlin, Nick,680704,2022,38.0,2.13,.167,
Winder, Josh,680739,2022,49.1,3.83,.246,
Silseth, Chase,681217,2022,28.2,6.59,.287,
Roberts, Ethan,681799,2022,7.2,8.22,.323,
Wantz, Andrew,681806,2022,41.0,3.29,.205,
Warren, Austin,681810,2022,16.0,5.63,.306,
Criswell, Cooper,681867,2022,3.1,2.70,.167,
Lee, Evan,681885,2022,8.2,4.15,.257,
Vesia, Alex,681911,2022,46.2,2.31,.193,
Hill, Garrett,682051,2022,51.2,3.83,.226,
Murfee, Penn,682171,2022,58.1,2.47,.179,
Gaddis, Hunter,683769,2022,3.1,21.60,.412,
Arihara, Kohei,685503,2022,20.0,9.45,.387,
Waldichuk, Ken,686610,2022,10.0,3.60,.211,
Brown, Hunter,686613,2022,6.0,0.00,.150,
Pepiot, Ryan,686752,2022,33.1,3.78,.208,
Varland, Louie,686973,2022,5.1,3.38,.167,
Fisher, Nate,688010,2022,3.0,0.00,.111,
Brieske, Beau,689225,2022,81.2,4.19,.236,
Elder, Bryce,693821,2022,34.1,3.67,.224,